Student ID,Name,Mobile,Email,Class,Semester,Department,Diet Preference
STU001,Aarav Sharma,1111111111,aarav.sharma@college.edu,FY BTech,1,CSE,Veg
STU002,Diya Patil,1111111111,diya.patil@college.edu,FY BTech,1,CSE,Veg
STU003,Rohan Mehta,1111111111,rohan.mehta@college.edu,SY BTech,3,IT,Non-Veg
STU004,Ananya Joshi,1111111111,ananya.joshi@college.edu,SY BTech,3,CSE,Veg
STU005,Kabir Singh,1111111111,kabir.singh@college.edu,TY BTech,5,AI & DS,Non-Veg
STU006,Isha Kulkarni,1111111111,isha.kulkarni@college.edu,FY BTech,1,ECE,Veg
STU007,Arjun Nair,1111111111,arjun.nair@college.edu,TY BTech,5,IT,Non-Veg
STU008,Meera Deshmukh,1111111111,meera.deshmukh@college.edu,SY BTech,3,AI & DS,Veg
STU009,Vivaan Rao,1111111111,vivaan.rao@college.edu,FY BTech,1,CSE,Non-Veg
STU010,Sara Khan,1111111111,sara.khan@college.edu,TY BTech,5,ECE,Veg
